{"cameraMode":{"drawMode":0,"name":"Shaded","section":"Shading Mode"},"sceneLighting":false,"audioPlay":false,"sceneViewState":{"m_AlwaysRefresh":false,"showFog":true,"showSkybox":true,"showFlares":true,"showImageEffects":true,"showParticleSystems":true,"showVisualEffectGraphs":true,"m_FxEnabled":true},"in2DMode":false,"pivot":{"x":8.126873016357422,"y":15.419069290161133,"z":1.7195556163787842},"rotation":{"x":-0.4777921438217163,"y":0.06891997158527374,"z":-0.037620462477207187,"w":-0.8749832510948181},"size":1.3029630184173585,"orthographic":false}