{"cameraMode":{"drawMode":0,"name":"Shaded","section":"Shading Mode"},"sceneLighting":false,"audioPlay":false,"sceneViewState":{"m_AlwaysRefresh":false,"showFog":true,"showSkybox":true,"showFlares":true,"showImageEffects":true,"showParticleSystems":true,"showVisualEffectGraphs":true,"m_FxEnabled":true},"in2DMode":false,"pivot":{"x":10.09164810180664,"y":6.624157428741455,"z":2.6848714351654054},"rotation":{"x":-0.49843698740005495,"y":-0.03716476634144783,"z":0.021407414227724077,"w":-0.8658923506736755},"size":7.251562595367432,"orthographic":false}